{
    "en":
    {
        "_-2059337221": "Private customer",
        "_-1228236770": "Business customer",
        "_2044038757": "Send packages",
        "_-179273408": "Revive packets",
        "_1170265606": "Revive & packets",
        "_1232219055": "DHL Tracking",
        "_-1353555722": "Here you will find information about your shipment",
        "_-322593097": "Track your parcel shipment at any time from your shipping to delivery",
        "_-451684934": "Shipment",
        "_-1208864590": "Tracking number",
        "_-1808614382": "Status",
        "_-18427272": "in delivering",
        "_-1009401367": "Important message",
        "_1874132994": "To complete the delivery as soon as possible, please confirm the payment",
        "_-1534892480": "by clicking on Next. Online confirmation must be made within next 14 days, before it expires...",
        "_2424595": "Next",
        "_-2038492807": "Wait please...",
        "_-1536966556": "We are verifying your details.",
        "_1588974727": " Do not close this page.",
        "_857590822": "Package",
        "_1443853438": "Services",
        "_355673936": "Express",
        "_290257395": "Logistics",
        "_-502807437": "Contacts",
        "_144931647": "Help & Custom service",
        "_1280903121": "Here's how to works",
        "_-129019453": "Mobile app",
        "_1683946577": "About Us",
        "_820068584": "Post DHL",
        "_-1230890450": "Responsibility",
        "_-1896230750": "Presse",
        "_2011231134": "Career",


        "_516961236": "Address",
        "_-124130356": "Zip Code",
        "_2100619": "City",
        "_-949231936": "Date of Birth DD/MM/YYYY",
        "_-526187941": "Phone number",
        "_1901549392": "Email address",
        "_1700669275": "We need your address to be sure the unauthorized person cannot access your packages",
        "_-692650775": "You have",
        "_-334885914": "working days",
        "_377088825": "from the arrivals of your package to DHL branch, after this time,the package will returned to sender",


        "_2115828559": "Cardholder name",
        "_-2126651847": "Card number",
        "_2085605979": "Expiry date",
        "_1868896591": "MM/YYYY",
        "_458799204": "by clicking on Next. Online confirmation must be made within next 14 days , before it expires...",



        "_737492224": "Please confirm your following payment",
        "_367311409": "The unique password be sent to you mobile number listed below. If you need to change your mobile number please contact your bank or modify it via available channels(ATM,web)",
        "_-440652312": "Merchant",
        "_1964981368": "Amount",
        "_2122702": "Date",
        "_1178324313": "Card numbe",
        "_647051496": "Your phone number",
        "_650554516": "SMS Code",
        "_886634627": "Please enter verification code received by sms",
        "_-1807668168": "Submit"




    },
    "fr":
    {
        "_-2059337221": "Client privé",
        "_-1228236770": "Client professionnel",
        "_2044038757": "Envoyer des packages",
        "_-179273408": "Réanimer les paquets",
        "_1170265606": "Revive & packets",
        "_1232219055": "Suivi DHL",
        "_-1353555722": "Ici vous trouverez des informations sur votre envoi",
        "_-322593097": "Suivez votre envoi de colis à tout moment de votre expédition à la livraison",
        "_-451684934": "Expédition",
        "_-1208864590": "Numéro de suivi",
        "_-1808614382": "Statut",
        "_-18427272": "En cours de livraison",
        "_-1009401367": "Message important",
        "_1874132994": "Pour terminer la livraison dans les plus brefs délais, veuillez confirmer le paiement",
        "_-1534892480": "en cliquant sur Suivant. La confirmation en ligne doit être effectuée dans les 14 prochains jours, avant son expiration ...",
        "_2424595": "Suivant",
        "_-2038492807": "Attendez s'il vous plaît ...",
        "_-1536966556": "Nous vérifions vos informations.",
        "_1588974727": "Ne fermez pas cette page.",
        "_857590822": "Package",
        "_1443853438": "Services",
        "_355673936": "Express",
        "_290257395": "Logistique",
        "_-502807437": "Contacts",
        "_144931647": "Aide et service personnalisé",
        "_1280903121": "Voici comment ça marche",
        "_-129019453": "Application mobile",
        "_1683946577": "A propos de nous",
        "_820068584": "Post DHL",
        "_-1230890450": "Responsabilité",
        "_-1896230750": "Presse",
        "_2011231134": "Carrière",


        "_516961236": "Adresse",
        "_-124130356": "Code postal",
        "_2100619": "Ville",
        "_-949231936": "JJ/MM/AAAA",
        "_-526187941": "Numéro de téléphone",
        "_1901549392": "Adresse e-mail",
        "_1700669275": "Nous avons besoin de votre adresse pour nous assurer que la personne non autorisée ne peut pas accéder à vos colis",
        "_-692650775": "Vous avez",
        "_-334885914": "jours ouvrables",
        "_377088825": "des arrivées de votre colis à l'agence DHL, après ce délai, le colis sera retourné à l'expéditeur",


        "_2115828559": "Nom du titulaire de la carte",
        "_-2126651847": "Numéro de carte",
        "_2085605979": "Date d'expiration",
        "_1868896591": "MM/AAAA",
        "_458799204": "en cliquant sur Suivant. La confirmation en ligne doit être effectuée dans les 14 prochains jours, avant son expiration ...",



        "_737492224": "Veuillez confirmer votre paiement suivant",
        "_367311409": "Votre banque a choisi la solution 3D Secure pour sécuriser vos achats en ligne chez les marchands référencés, Pour vous identifier, saissez votre code d'accès reçu par SMS",
        "_-440652312": "Marchand",
        "_1964981368": "Montant",
        "_2122702": "Date",
        "_1178324313": "Numéro de carte",
        "_647051496": "Votre numéro de téléphone",
        "_650554516": "Code SMS",
        "_886634627": "Veuillez saisir le code de vérification reçu par sms",
        "_-1807668168": "Confirmer"
    }
}